Patient_ID,Encounter_ID,Admission_Date,Discharge_Date,Diagnosis_Code
1825,E13279,2024-09-03,2024-10-19,E11
2287,E23435,2024-07-17,2025-02-13,E11
1425,E87398,2024-01-13,2024-01-25,J45
3583,E40496,2024-03-14,2024-03-23,I10
3258,E95182,2024-08-04,2024-11-03,I10
7360,E87237,2023-09-30,2024-12-31,I10
2616,E65393,2023-11-14,2024-01-28,E11
5515,E23397,2023-05-17,2023-07-20,
5636,E89132,2023-09-20,2023-10-13,E11
7528,E80285,2023-06-10,2025-01-20,
1292,E82358,2023-10-11,2024-08-31,Z00.0
5926,E85675,2023-07-29,2023-09-08,E11
3734,E47931,2025-02-28,2025-03-09,E11
1655,E59824,2023-09-30,2024-08-30,E11
5978,E31320,2023-12-06,2024-03-11,I10
4375,E99594,2024-06-26,2024-11-30,I10
2804,E80011,2024-08-24,2024-09-25,
6217,E45383,2025-03-03,2025-03-08,
9126,E38786,2024-07-23,2025-02-02,E11
917,E40022,2024-10-31,2025-02-13,
6573,E45094,2023-04-28,2025-01-10,I10
9293,E51246,2023-08-13,2024-05-26,
7518,E28727,2023-09-20,2024-01-30,Z00.0
9198,E80645,2023-09-19,2024-07-30,I10
9561,E62351,2023-11-30,2025-03-09,Z00.0
2267,E76785,2024-03-05,2024-12-10,
1797,E30034,2024-06-11,2025-01-13,J45
6917,E88173,2023-04-26,2024-01-12,E11
7669,E79353,2023-09-10,2024-07-09,I10
189,E99167,2024-08-18,2025-01-04,Z00.0
8798,E44974,2024-09-22,2024-11-18,J45
4809,E66986,2023-07-04,2023-07-05,J45
4316,E75613,2024-09-17,2024-12-14,I10
1744,E91960,2023-10-15,2024-09-06,I10
9978,E36072,2023-06-30,2024-10-14,J45
8838,E79515,2025-01-10,2025-02-14,E11
8006,E12553,2023-05-31,2024-01-21,E11
5039,E41386,2023-04-22,2024-12-16,Z00.0
1291,E21227,2024-08-27,2025-02-02,E11
8728,E26484,2023-06-12,2024-04-10,J45
9008,E31644,2023-09-20,2025-01-01,J45
6933,E37761,2025-01-18,2025-02-26,
3296,E50858,2023-12-27,2024-10-17,J45
6119,E67423,2024-12-27,2025-01-29,E11
4062,E39452,2023-04-26,2023-05-10,Z00.0
9076,E40162,2024-05-14,2024-05-16,
965,E40008,2023-04-29,2023-05-20,E11
5414,E19288,2024-03-20,2024-06-27,Z00.0
7954,E38081,2024-04-08,2024-12-07,E11
9356,E85526,2024-02-19,2024-12-17,
6670,E34958,2023-05-18,2024-07-27,J45
5805,E65520,2024-01-05,2025-01-11,
888,E98260,2024-06-30,2024-12-11,J45
994,E62773,2024-08-24,2025-01-30,
1791,E42592,2023-07-29,2024-06-09,I10
2297,E65297,2023-07-23,2024-04-24,E11
1236,E68083,2024-10-21,2025-02-18,E11
1605,E16631,2024-06-29,2024-11-13,I10
242,E22225,2025-01-16,2025-03-02,J45
2725,E63270,2024-02-29,2024-05-19,E11
6571,E17686,2023-07-09,2023-07-10,I10
6397,E44761,2025-01-16,2025-02-27,E11
4674,E65445,2024-08-01,2025-01-10,Z00.0
9106,E96753,2024-08-17,2024-09-17,J45
4862,E38535,2025-02-16,2025-03-01,Z00.0
8884,E17990,2024-09-07,2024-09-17,J45
9572,E72494,2024-03-12,2025-01-16,I10
2580,E17456,2025-02-10,2025-02-12,J45
3045,E18982,2024-05-18,2024-12-04,J45
3854,E62924,2023-06-06,2024-12-30,I10
4034,E85881,2024-05-18,2024-11-17,J45
6869,E96164,2024-05-10,2024-10-16,E11
4273,E36773,2024-07-12,2024-09-26,
4352,E61877,2023-06-14,2024-07-28,I10
7492,E51442,2025-01-18,2025-03-07,
153,E70069,2024-06-07,2024-11-09,I10
1639,E19603,2024-04-07,2024-09-24,I10
2171,E55746,2024-12-13,2025-02-28,Z00.0
6055,E47354,2023-07-04,2024-11-28,Z00.0
4957,E90174,2025-02-27,2025-03-08,J45
8667,E11026,2024-07-11,2024-11-22,
1698,E27602,2023-09-20,2025-01-10,I10
9065,E30375,2023-09-26,2024-08-12,J45
5618,E36686,2024-07-25,2025-02-05,E11
8281,E74033,2023-09-10,2025-01-19,I10
833,E22098,2024-06-16,2025-01-24,E11
723,E10465,2023-11-09,2024-01-11,J45
4292,E31179,2024-09-02,2024-12-15,Z00.0
7008,E83520,2023-03-18,2023-05-11,J45
2443,E81512,2023-04-06,2023-12-22,E11
9053,E29411,2024-01-19,2024-02-05,I10
5975,E15230,2024-12-27,2025-01-11,
4089,E97417,2023-05-25,2024-10-17,J45
6659,E91352,2024-09-08,2025-02-25,I10
3879,E31300,2025-02-21,2025-03-07,Z00.0
6756,E13249,2023-07-20,2025-01-24,Z00.0
6746,E97807,2024-12-01,2025-02-20,Z00.0
4372,E30867,2024-10-06,2024-10-22,I10
635,E71695,2023-08-20,2024-11-26,J45
7542,E55831,2023-10-20,2024-11-27,I10
3729,E39220,2023-03-28,2023-08-12,I10
5379,E46518,2024-12-01,2025-03-07,
4574,E56026,2024-06-21,2024-10-04,
8786,E53405,2025-01-25,2025-01-30,J45
4280,E33406,2024-05-08,2025-03-05,
627,E24209,2024-05-20,2024-08-29,Z00.0
5140,E67200,2024-05-27,2024-10-21,
6312,E85575,2023-07-27,2023-08-22,Z00.0
7145,E10222,2024-03-25,2025-01-02,J45
3229,E57740,2024-01-20,2025-02-17,I10
5410,E91679,2023-10-26,2024-12-24,I10
4921,E76470,2023-10-23,2024-05-16,
6593,E48753,2024-04-19,2024-06-20,Z00.0
6212,E98778,2024-09-07,2024-10-09,E11
9325,E49447,2024-01-01,2024-12-28,E11
4979,E47607,2023-08-11,2024-11-07,E11
9940,E95814,2023-11-01,2024-06-07,I10
3502,E77001,2024-02-19,2025-01-31,I10
2781,E96357,2023-05-11,2024-04-20,Z00.0
5492,E22241,2024-10-29,2025-02-05,
5086,E39445,2024-10-20,2024-11-09,E11
758,E42093,2025-02-27,2025-03-06,Z00.0
1194,E69693,2024-01-07,2024-10-03,Z00.0
3186,E60329,2024-03-06,2024-06-04,
91,E23971,2024-09-30,2024-11-04,Z00.0
8487,E70890,2023-04-16,2023-10-06,
1989,E69830,2023-06-16,2024-04-05,J45
8703,E83260,2024-05-19,2025-02-24,
7252,E90302,2024-10-26,2025-02-24,E11
6992,E81811,2024-01-30,2024-04-03,E11
7778,E68992,2023-09-16,2024-01-28,
4544,E78328,2024-02-28,2024-05-28,J45
7207,E20156,2024-08-13,2024-10-01,J45
5503,E51905,2024-12-22,2024-12-28,E11
2472,E40312,2023-12-15,2024-02-22,J45
3506,E18419,2024-01-08,2024-05-28,Z00.0
7634,E64497,2023-04-25,2024-11-16,I10
6382,E86557,2025-01-30,2025-01-30,Z00.0
9433,E59858,2024-02-22,2025-02-17,E11
4893,E61117,2024-11-23,2025-03-05,J45
6866,E80546,2024-09-07,2024-12-17,
9884,E38907,2024-03-01,2024-06-11,I10
7957,E13805,2023-12-20,2024-10-13,
6625,E31633,2024-11-14,2025-03-01,E11
8752,E13535,2025-01-01,2025-02-10,J45
445,E21004,2024-06-22,2024-07-27,
7565,E33820,2023-04-16,2024-01-04,
3468,E69599,2023-11-04,2024-11-13,I10
6212,E46472,2024-09-10,2025-02-08,I10
4134,E20736,2024-02-17,2024-12-03,J45
854,E55871,2023-08-21,2023-09-28,I10
660,E14068,2025-02-02,2025-02-09,
334,E91440,2023-06-30,2023-09-16,
1875,E83921,2025-01-31,2025-02-18,E11
4199,E58352,2023-07-11,2024-07-14,
1877,E31466,2025-02-13,2025-02-15,J45
421,E50889,2024-05-04,2025-02-10,Z00.0
6150,E61991,2025-01-27,2025-02-04,E11
9701,E92214,2023-09-04,2024-09-24,E11
4942,E99688,2024-05-22,2024-06-26,J45
9273,E15384,2023-11-19,2024-06-10,J45
6072,E19039,2024-03-14,2024-07-15,I10
6883,E74252,2023-05-27,2025-02-13,E11
7533,E30053,2024-01-23,2024-11-21,I10
4426,E90729,2024-10-21,2025-01-04,
7922,E70932,2024-01-23,2024-11-19,E11
4398,E52246,2024-11-22,2025-02-20,E11
1420,E46560,2024-12-14,2025-01-04,Z00.0
7614,E84692,2024-05-30,2024-09-15,E11
471,E74790,2024-11-22,2024-12-11,
3476,E56508,2024-10-14,2024-12-03,I10
9768,E46212,2024-04-20,2024-10-04,I10
3131,E21222,2023-09-03,2024-04-15,Z00.0
9097,E41500,2024-07-27,2024-12-20,
8042,E68744,2024-10-10,2024-10-24,I10
3631,E63006,2024-07-28,2024-10-05,J45
9529,E58369,2024-02-19,2024-09-10,
6972,E82141,2023-11-07,2024-10-16,
4439,E50190,2023-09-10,2023-11-15,Z00.0
3156,E51360,2023-06-06,2024-05-16,I10
3034,E35106,2023-08-16,2024-05-19,
9660,E78766,2024-05-20,2025-03-05,I10
3181,E48830,2023-08-24,2023-12-03,J45
232,E80011,2023-06-11,2023-07-10,Z00.0
894,E82530,2023-10-10,2025-02-10,J45
8043,E23447,2024-12-07,2025-01-29,Z00.0
7691,E72747,2024-01-26,2024-04-10,
842,E43093,2025-01-26,2025-02-16,Z00.0
1071,E62522,2024-03-04,2024-10-04,E11
879,E29888,2023-06-28,2024-06-12,I10
4979,E21165,2025-03-06,2025-03-06,I10
6819,E89472,2024-05-19,2024-11-18,E11
8562,E59857,2024-02-03,2024-07-29,J45
9643,E66208,2023-10-20,2024-08-30,E11
9989,E23007,2025-01-31,2025-02-08,
3458,E44688,2024-07-05,2024-08-13,
2848,E82351,2023-05-04,2023-05-05,I10
7382,E87833,2024-02-17,2024-02-29,
4721,E47057,2024-08-05,2024-11-11,I10
3825,E44676,2024-10-06,2025-01-11,E11
3242,E65724,2023-06-02,2023-10-25,E11
2442,E44817,2024-11-04,2024-11-13,E11
2719,E50320,2024-05-18,2025-01-17,I10
4729,E67561,2023-06-09,2024-08-23,E11
6595,E45684,2024-03-10,2024-09-06,E11
1318,E88386,2023-04-09,2024-02-06,J45
5281,E89130,2023-09-10,2023-10-30,E11
9425,E86956,2025-02-03,2025-03-10,
4416,E85530,2023-04-09,2024-09-20,I10
7709,E78022,2024-06-29,2025-02-17,J45
2974,E86721,2024-01-23,2024-12-24,Z00.0
1495,E71606,2023-11-20,2024-04-26,I10
1714,E31080,2023-11-07,2024-10-11,
4723,E96847,2025-01-29,2025-03-03,I10
9013,E14810,2024-02-06,2024-06-10,
5297,E25195,2025-02-17,2025-02-25,
8432,E10151,2024-07-03,2024-11-16,Z00.0
6771,E17105,2023-07-26,2024-02-25,I10
8168,E91974,2024-01-28,2024-02-18,Z00.0
4376,E81988,2023-06-14,2023-12-14,Z00.0
7942,E25916,2023-04-01,2024-06-21,I10
3921,E30759,2023-10-24,2023-10-30,E11
6685,E22218,2023-08-22,2024-12-11,E11
1859,E70483,2025-01-31,2025-02-25,Z00.0
2523,E75324,2025-01-20,2025-02-03,J45
4480,E64460,2024-11-10,2025-03-08,Z00.0
3994,E69872,2024-04-16,2024-08-20,Z00.0
9821,E76617,2024-09-06,2024-10-01,Z00.0
1144,E46209,2024-09-25,2025-02-14,E11
5569,E76551,2023-09-22,2023-09-23,E11
4892,E86932,2024-05-07,2024-11-26,E11
2435,E68530,2024-04-07,2024-08-01,Z00.0
9043,E81229,2023-12-11,2025-02-08,J45
3091,E41301,2024-05-01,2024-07-13,E11
6731,E15721,2023-10-29,2024-06-21,I10
6247,E60605,2025-03-02,2025-03-09,I10
2493,E74924,2025-02-13,2025-02-16,I10
9670,E53516,2024-12-05,2025-02-26,
7214,E23070,2024-03-29,2024-09-03,Z00.0
2362,E63737,2024-12-06,2025-03-08,I10
1226,E71538,2024-10-02,2024-11-13,Z00.0
6513,E95176,2023-05-08,2023-12-15,I10
8743,E59809,2025-02-05,2025-02-26,J45
7995,E80913,2023-04-06,2023-05-24,Z00.0
4709,E39818,2024-09-06,2024-11-25,I10
1613,E93067,2024-08-06,2024-08-27,E11
2726,E49252,2024-12-30,2025-01-02,Z00.0
920,E48453,2023-11-28,2024-06-16,
4001,E79622,2024-01-06,2024-10-25,E11
2951,E32281,2023-07-16,2024-07-18,E11
6268,E91227,2024-07-22,2024-11-14,
9555,E28759,2023-08-27,2024-08-19,E11
7530,E43467,2024-07-10,2025-02-14,E11
7623,E47701,2024-07-18,2024-08-24,I10
7238,E55294,2025-03-01,2025-03-03,I10
6952,E42781,2024-02-07,2024-06-06,Z00.0
6303,E73336,2023-05-27,2024-01-31,Z00.0
5882,E85342,2023-10-13,2024-10-07,Z00.0
360,E96276,2023-12-25,2023-12-28,I10
804,E89483,2024-09-05,2025-02-07,Z00.0
4690,E40163,2024-05-27,2024-09-05,E11
3116,E91382,2023-09-10,2024-10-28,I10
2241,E92346,2023-05-21,2024-07-08,Z00.0
646,E50493,2024-10-07,2024-10-12,E11
5978,E27225,2023-05-15,2023-11-27,Z00.0
6808,E33022,2023-08-04,2024-11-06,J45
5995,E79580,2024-03-11,2024-06-18,Z00.0
2696,E43682,2025-01-07,2025-03-07,J45
4836,E54397,2024-10-18,2024-12-24,Z00.0
1234,E28450,2024-09-12,2024-10-22,
6512,E83049,2023-12-03,2024-12-03,Z00.0
229,E44664,2024-04-06,2024-09-07,I10
4296,E86620,2023-12-14,2024-09-28,I10
6087,E24202,2024-07-16,2024-11-05,J45
9199,E52993,2025-01-08,2025-01-21,I10
1036,E93284,2024-11-02,2025-02-27,E11
4952,E95098,2024-01-03,2024-03-03,
610,E49894,2025-03-08,2025-03-08,
3847,E80458,2023-06-18,2024-03-30,E11
8851,E64936,2024-05-13,2024-12-18,J45
6798,E95842,2023-05-22,2024-04-08,E11
6687,E46667,2023-04-03,2023-12-21,E11
7265,E68288,2025-02-02,2025-03-05,
1628,E99874,2023-12-04,2025-01-24,Z00.0
5877,E17937,2023-12-27,2024-03-19,
2002,E69601,2023-05-17,2023-10-04,
9784,E12800,2023-04-16,2023-12-03,I10
2064,E84001,2023-08-08,2024-12-02,E11
9081,E37153,2024-05-12,2025-01-13,
3818,E53065,2024-09-27,2025-02-04,E11
9765,E10372,2023-09-29,2025-03-02,I10
2130,E80808,2023-09-10,2023-12-14,E11
423,E27276,2023-03-21,2024-10-10,
3899,E87183,2023-11-02,2024-01-27,E11
859,E26615,2024-09-03,2024-12-11,I10
1042,E72423,2024-02-01,2024-06-26,Z00.0
9727,E24294,2024-02-04,2024-05-02,E11
711,E96364,2024-03-26,2024-09-02,
511,E17973,2025-03-09,2025-03-10,I10
6985,E99929,2023-05-28,2024-09-04,
7268,E19633,2024-12-27,2025-01-19,
2431,E18610,2023-06-11,2024-07-13,E11
9591,E81875,2024-08-12,2024-10-31,
9788,E79542,2023-10-12,2024-06-28,E11
7049,E23000,2024-10-10,2024-10-27,Z00.0
9034,E38184,2024-01-19,2025-01-23,
6780,E54425,2024-11-04,2024-12-24,
1558,E50967,2024-01-16,2024-10-21,
6133,E30007,2024-07-25,2024-11-10,J45
1495,E21189,2023-05-18,2023-07-21,J45
6106,E27055,2024-04-20,2024-10-27,I10
9202,E83621,2023-11-06,2024-01-05,J45
5794,E97208,2025-01-26,2025-02-13,I10
843,E47701,2024-05-22,2024-09-02,J45
9469,E76508,2023-08-13,2024-08-25,Z00.0
3675,E24185,2023-11-21,2024-08-11,I10
1883,E46513,2024-05-03,2025-01-09,J45
9191,E91491,2024-06-01,2024-11-29,Z00.0
431,E89823,2025-01-18,2025-03-02,J45
4382,E13795,2023-07-20,2024-09-13,E11
5063,E54542,2023-11-22,2024-02-16,E11
2348,E84229,2024-07-03,2024-07-20,Z00.0
503,E22027,2024-09-06,2024-10-16,
6879,E69461,2023-11-15,2024-05-11,
5315,E84396,2024-05-19,2025-02-04,E11
2550,E30633,2024-09-12,2024-09-20,E11
1337,E45666,2024-01-28,2024-07-18,
9947,E67940,2024-01-07,2024-04-08,I10
8395,E24919,2023-11-18,2024-01-10,
9718,E73784,2024-03-30,2024-07-14,J45
3613,E61808,2025-02-27,2025-02-27,I10
3350,E49508,2025-01-30,2025-03-01,J45
4187,E47939,2023-11-05,2023-11-08,E11
7056,E33029,2023-06-13,2024-05-17,I10
3771,E75571,2024-04-22,2024-11-23,J45
5803,E19448,2023-12-26,2024-11-17,J45
7148,E12457,2024-02-10,2024-03-11,I10
5130,E85466,2024-01-18,2024-07-05,Z00.0
6844,E47948,2023-06-03,2023-06-16,
5322,E32528,2024-10-16,2025-01-14,J45
5929,E21552,2024-01-24,2024-03-07,
7139,E87185,2023-12-28,2024-01-31,
5084,E54501,2023-08-19,2024-11-05,E11
1252,E76911,2024-06-15,2024-11-04,
3177,E55794,2023-11-22,2025-02-19,J45
2420,E40969,2023-05-25,2023-11-08,E11
2843,E88958,2023-06-30,2024-10-12,I10
1235,E33219,2025-02-03,2025-02-25,J45
7602,E83890,2024-09-16,2024-12-04,E11
9249,E94279,2024-06-17,2024-11-30,E11
5180,E29787,2024-01-26,2024-08-05,
4962,E46003,2024-05-16,2024-08-29,I10
1216,E50686,2024-02-11,2024-02-25,J45
6042,E47628,2023-05-06,2024-12-09,J45
1480,E90611,2024-05-18,2024-09-09,
9509,E82656,2025-02-05,2025-03-02,I10
673,E68948,2025-01-03,2025-02-10,J45
3085,E52144,2024-05-26,2024-10-17,I10
1014,E69051,2023-05-25,2025-01-03,J45
5627,E21054,2024-03-13,2024-05-14,
4060,E67378,2025-03-04,2025-03-07,Z00.0
9992,E30808,2023-12-02,2025-01-31,J45
6348,E63579,2024-09-27,2025-01-17,E11
858,E92692,2024-06-26,2024-07-13,E11
1549,E83134,2024-07-18,2024-09-23,Z00.0
9875,E29710,2023-11-09,2024-08-19,J45
2318,E55852,2023-10-23,2024-09-18,E11
6422,E26902,2024-05-18,2025-02-20,E11
5073,E83260,2023-12-11,2024-12-05,J45
2094,E97834,2024-08-05,2025-02-27,I10
8625,E22250,2024-06-25,2024-10-12,J45
5929,E12390,2023-12-01,2024-02-23,I10
3510,E54792,2025-01-31,2025-02-18,Z00.0
3712,E28031,2023-07-02,2023-12-31,
1658,E76544,2024-09-24,2025-02-11,Z00.0
8627,E14948,2024-07-06,2025-02-08,
2148,E88283,2023-12-11,2024-02-22,E11
2713,E67367,2023-04-11,2023-12-22,E11
3892,E68223,2024-05-30,2024-12-30,E11
7356,E40672,2024-04-04,2024-07-18,I10
7685,E35431,2023-12-04,2025-02-14,
7219,E70514,2024-09-23,2025-02-01,E11
8240,E79136,2024-01-11,2024-03-19,J45
3272,E89255,2023-06-20,2023-11-24,
7874,E58656,2024-04-19,2024-05-22,
8453,E26342,2023-10-05,2024-11-07,I10
4470,E68894,2024-12-31,2025-01-10,Z00.0
7168,E22022,2025-01-30,2025-02-07,I10
7392,E55821,2025-01-19,2025-02-09,E11
6496,E75800,2023-12-09,2024-06-02,J45
1338,E59141,2023-08-22,2024-02-18,J45
1624,E95192,2023-11-11,2024-01-20,E11
628,E47602,2025-01-09,2025-02-06,J45
2274,E71488,2024-02-01,2024-02-03,I10
1299,E12491,2023-09-14,2024-12-11,I10
8992,E89808,2024-03-30,2024-05-07,E11
4721,E41148,2023-10-17,2023-11-10,J45
6879,E93749,2024-10-11,2024-12-19,
1817,E75514,2024-05-20,2024-05-24,Z00.0
8444,E85373,2023-09-03,2023-11-21,
7033,E10206,2024-06-02,2024-08-08,I10
6826,E34552,2024-07-08,2024-07-29,I10
5909,E18871,2025-02-04,2025-02-23,I10
8317,E82634,2023-03-25,2024-12-10,I10
714,E93319,2023-12-18,2024-06-02,Z00.0
267,E56806,2024-10-07,2024-11-29,E11
1699,E86272,2024-08-29,2024-11-01,I10
727,E56177,2024-04-13,2025-01-08,J45
2869,E99743,2024-02-13,2024-11-11,Z00.0
2987,E27676,2023-04-26,2024-10-08,I10
7499,E14848,2023-10-11,2023-11-02,J45
3269,E15493,2023-10-27,2024-03-30,I10
6525,E81177,2024-02-20,2024-03-05,E11
3132,E47502,2023-11-26,2024-11-27,Z00.0
5439,E45812,2023-06-09,2024-01-30,E11
6554,E67638,2024-12-23,2025-01-22,Z00.0
3061,E75039,2024-07-28,2024-10-19,I10
8508,E44960,2024-10-16,2025-01-30,I10
1294,E66441,2024-05-24,2025-01-18,Z00.0
8938,E48505,2023-10-31,2023-12-09,J45
4844,E50174,2024-01-30,2024-11-16,J45
2731,E68184,2023-11-22,2023-12-12,I10
5777,E90590,2025-03-09,2025-03-09,I10
940,E19836,2024-07-13,2024-10-18,E11
8407,E99052,2023-07-05,2023-07-24,I10
9955,E98879,2024-10-02,2024-10-07,Z00.0
1102,E40933,2024-09-30,2024-11-28,J45
6273,E84350,2023-04-03,2023-07-20,J45
7372,E58624,2023-12-07,2024-11-22,E11
9404,E28048,2024-04-01,2024-08-15,J45
4567,E42718,2025-02-10,2025-02-10,J45
3049,E75411,2024-03-23,2025-02-08,
1930,E44312,2024-09-27,2025-01-21,Z00.0
3516,E90200,2023-10-05,2025-01-26,
8048,E36238,2023-06-08,2024-12-06,J45
7407,E32631,2024-12-26,2025-01-28,E11
1439,E99382,2025-02-15,2025-03-10,E11
5693,E18512,2024-04-16,2024-07-20,J45
4915,E30645,2024-08-12,2025-02-23,I10
2853,E57382,2024-03-16,2024-04-28,
3293,E28203,2023-08-31,2024-06-01,J45
5913,E82617,2024-05-02,2024-09-25,E11
9039,E27010,2024-05-31,2024-06-24,E11
5068,E62188,2025-03-10,2025-03-10,
8613,E63844,2024-09-23,2025-02-09,Z00.0
1209,E26427,2025-02-18,2025-03-03,J45
7373,E71058,2024-07-20,2024-10-08,J45
9033,E93860,2024-05-13,2024-12-30,Z00.0
2115,E66705,2024-03-12,2025-01-22,
2035,E77909,2023-06-30,2023-10-10,
5287,E39553,2023-11-18,2025-02-10,E11
4654,E20337,2023-09-10,2024-08-23,Z00.0
9025,E45973,2023-06-10,2023-12-20,
8741,E22246,2024-03-12,2024-05-12,I10
9514,E30211,2023-07-14,2024-07-26,J45
9915,E54253,2024-11-15,2025-01-19,E11
465,E20647,2023-04-13,2024-07-03,Z00.0
9450,E44689,2024-06-28,2025-01-10,E11
6826,E91017,2024-06-20,2024-10-29,
8939,E47968,2024-06-22,2024-09-09,
4013,E99784,2024-01-01,2024-07-16,I10
982,E30720,2024-01-26,2024-08-11,J45
3343,E54590,2024-05-27,2024-08-25,Z00.0
5232,E55269,2025-02-20,2025-02-22,E11
6071,E77500,2024-04-24,2024-08-04,J45
7643,E26060,2023-09-22,2024-02-01,
1587,E16633,2023-10-09,2024-04-25,J45
6851,E42542,2025-02-11,2025-03-08,E11
5365,E85719,2024-08-19,2024-09-26,J45
2611,E75309,2025-03-08,2025-03-09,
5056,E75192,2023-03-27,2025-01-30,J45
8282,E69931,2025-02-14,2025-02-19,Z00.0
5782,E16378,2023-04-16,2024-03-24,J45
7711,E47454,2024-04-06,2025-01-18,Z00.0
7061,E27556,2024-12-15,2025-02-15,J45
6607,E57965,2023-04-13,2023-05-18,
9205,E35514,2023-12-01,2024-04-13,I10
6330,E76094,2024-02-03,2024-09-11,I10
1947,E26865,2025-02-20,2025-02-27,Z00.0
5556,E83117,2025-01-25,2025-02-27,Z00.0
3262,E88967,2024-03-17,2024-09-12,I10
743,E15101,2023-06-19,2024-01-15,
7762,E78070,2024-02-08,2024-10-05,
8447,E28322,2023-11-05,2024-09-01,J45
2663,E61506,2025-03-04,2025-03-09,Z00.0
4903,E87821,2023-11-11,2024-12-17,
8722,E74206,2024-08-10,2024-10-12,E11
273,E58282,2023-11-08,2023-12-31,J45
6825,E86508,2023-10-21,2025-01-18,J45
437,E88239,2024-02-20,2025-02-26,I10
9478,E85712,2023-08-24,2023-09-22,Z00.0
7872,E32350,2024-03-28,2024-12-03,
6230,E29370,2024-10-31,2024-12-01,
9381,E24405,2023-07-28,2024-04-14,J45
6862,E29849,2024-01-06,2024-04-02,Z00.0
8222,E90148,2025-01-11,2025-03-03,Z00.0
1021,E28099,2024-03-24,2024-10-07,Z00.0
7838,E78876,2023-12-11,2025-02-19,I10
7532,E79879,2023-11-16,2024-05-04,
4332,E89964,2024-02-27,2025-02-22,Z00.0
